{"epoch":0,"actor model loss":0.577852189540863,"dataset_size":5000,"world model loss":1398.5989990234375,"_timestamp":1.771334321811711e+09,"kl_loss":3,"_step":1,"num_episodes":5,"avg_episode_length":1000,"reward_loss":0.9243186116218567,"_runtime":41,"_wandb":{"runtime":41},"value model loss":0.025383152067661285,"reconstruction_loss":1386.3558349609375,"raw_kl":0.10842791199684143}